{
  "version": 2,
  "builds": [
    {
      "src": "server/index.ts",
      "use": "@vercel/node"
    },
    {
      "src": "client/**",
      "use": "@vercel/static-build",
      "config": {
        "distDir": "dist"
      }
    }
  ],
  "routes": [
    {
      "src": "/api/(.*)",
      "dest": "server/index.ts"
    },
    {
      "src": "/uploads/(.*)",
      "dest": "/uploads/$1"
    },
    {
      "src": "/(.*)",
      "dest": "client/dist/$1"
    }
  ],
  "env": {
    "NODE_ENV": "production",
    "OPENAI_API_KEY": "@openai-api-key"
  }
}